{
    "prefix": "!",
    "allPrefixes": ["!", "-", "?", ";"],
    "leaveJoinChannel": "letisko",
    "memesChannel": "memes",
    "newsChannel": "772916699653210152",
    "changelogsChannel": "778712068776788028",
    "customChannels": {
        "channel": "783070530772926467",
        "section": "783070434627158017"
    },
    "joinRoles": [
        "772933132130582558",
        "772932560069722154",
        "772927281105469452",
        "772923608515084298",
        "772939341805912065",
        "773716049354293250"
    ],
    "repRoles": {
        "role1": "772927281105469452",
        "role2": "772930524158754826",
        "role3": "772930705621123073",
        "role4": "772931050900946964",
        "role5": "772931219519832095",
        "role6": "772931251316588595"
    },
    "msgRoles": {
        "role1": "773716202408771614",
        "role2": "773716209170382868",
        "role3": "773716285019783240",
        "role4": "773716311431053392",
        "role5": "773716333958660107"
    },
    "nicknames": [
        "zajko pajko",
        "panáčik",
        "nezbedník",
        "frajer",
        "segedín"
    ],
    "podakovanie": [
        "ďakujem",
        "dakujem",
        "dik",
        "diki",
        "dikes",
        "thx",
        "thanks",
        "thank you"
    ]
}