[
    {
        "title": "vip",
        "description": "Zakúpenie Vip na doživotie",
        "cost": "35000",
        "permRequired": "non",
        "itemRequired": "non",
        "upgrades": "non",
        "action": "+p vip"
    },
    {
        "title": "kamera",
        "description": "Zlepší kvalitu videí/streamov a odomkne nové typy videí.\n*Potrebný predmet: počítač*",
        "cost": "2000",
        "permRequired": "non",
        "itemRequired": "počítač",
        "upgrades": "vs",
        "action": "+s cam"
    },
    {
        "title": "počítač",
        "description": "Sprístupní točenie videí alebo streamovanie",
        "cost": "500",
        "permRequired": "non",
        "itemRequired": "non",
        "action": "+s pc",
        "upgrades": "non"
    },
    {
        "title": "stream-deck",
        "description": "Zlepší kvalitu streamov\n*Potrebný predmet: počítač*",
        "cost": "2000",
        "permRequired": "non",
        "itemRequired": "počítač",
        "upgrades": "s",
        "action": "+s sdeck"
    },
    {
        "title": "editor",
        "description": "Za videá budeš dostávať viac peňazí.\n*Spôsob pladby: 100€/video*\n*Potrebný predmet: počítač*",
        "cost": "100",
        "permRequired": "non",
        "itemRequired": "počítač",
        "upgrades": "v",
        "action": "+s editor"
    },
    {
        "title": "monitor",
        "description": "Zlepší kvalitu videí/streamov\n*Potrebný predmet: počítač*",
        "cost": "5000",
        "permRequired": "non",
        "itemRequired": "počítač",
        "upgrades": "vs",
        "action": "+s monitor"
    },
    {
        "title": "mikrofon",
        "description": "Zlepší kvalitu videí/streamov\n*Potrebný predmet: počítač*",
        "cost": "3500",
        "permRequired": "non",
        "itemRequired": "počítač",
        "upgrades": "vs",
        "action": "+s mik"
    },
    {
        "title": "svetlá",
        "description": "Zlepší kvalitu videí/streamov (a sexu)\n*Potrebný predmet: počítač*",
        "cost": "10000",
        "permRequired": "non",
        "itemRequired": "počítač",
        "upgrades": "vs",
        "action": "+s svetlá"
    }
]